date,OT
2020/3/16,28.700000762939453
2020/3/17,26.950000762939453
2020/3/18,20.3700008392334
2020/3/19,25.219999313354492
2020/3/20,22.43000030517578
2020/3/23,23.360000610351562
2020/3/24,24.010000228881836
2020/3/25,24.489999771118164
2020/3/26,22.600000381469727
2020/3/27,21.510000228881836
2020/3/30,20.09000015258789
2020/3/31,20.479999542236328
2020/4/1,20.309999465942383
2020/4/2,25.31999969482422
2020/4/3,28.34000015258789
2020/4/6,26.079999923706055
2020/4/7,23.6299991607666
2020/4/8,25.09000015258789
2020/4/9,22.760000228881836
2020/4/13,22.40999984741211
2020/4/14,20.110000610351562
2020/4/15,19.8700008392334
2020/4/16,19.8700008392334
2020/4/17,18.270000457763672
2020/4/21,10.010000228881836
2020/4/22,13.779999732971191
2020/4/23,16.5
2020/4/24,16.940000534057617
2020/4/27,12.779999732971191
2020/4/28,12.34000015258789
2020/4/29,15.0600004196167
2020/4/30,18.84000015258789
2020/5/1,19.780000686645508
2020/5/4,20.389999389648438
2020/5/5,24.559999465942383
2020/5/6,23.989999771118164
2020/5/7,23.549999237060547
2020/5/8,24.739999771118164
2020/5/11,24.139999389648438
2020/5/12,25.780000686645508
2020/5/13,25.290000915527344
2020/5/14,27.559999465942383
2020/5/15,29.43000030517578
2020/5/18,31.81999969482422
2020/5/19,32.5
2020/5/20,33.4900016784668
2020/5/21,33.91999816894531
2020/5/22,33.25
2020/5/26,34.349998474121094
2020/5/27,32.810001373291016
2020/5/28,33.709999084472656
2020/5/29,35.4900016784668
2020/6/1,35.439998626708984
2020/6/2,36.810001373291016
2020/6/3,37.290000915527344
2020/6/4,37.40999984741211
2020/6/5,39.54999923706055
2020/6/8,38.189998626708984
2020/6/9,38.939998626708984
2020/6/10,39.599998474121094
2020/6/11,36.34000015258789
2020/6/12,36.2599983215332
2020/6/15,37.119998931884766
2020/6/16,38.380001068115234
2020/6/17,37.959999084472656
2020/6/18,38.84000015258789
2020/6/19,39.75
2020/6/22,40.459999084472656
2020/6/23,40.369998931884766
2020/6/24,38.0099983215332
2020/6/25,38.720001220703125
2020/6/26,38.4900016784668
2020/6/29,39.70000076293945
2020/6/30,39.27000045776367
2020/7/1,39.81999969482422
2020/7/2,40.650001525878906
2020/7/6,40.630001068115234
2020/7/7,40.619998931884766
2020/7/8,40.900001525878906
2020/7/9,39.619998931884766
2020/7/10,40.54999923706055
2020/7/13,40.099998474121094
2020/7/14,40.290000915527344
2020/7/15,41.20000076293945
2020/7/16,40.75
2020/7/17,40.59000015258789
2020/7/20,40.810001373291016
2020/7/21,41.959999084472656
2020/7/22,41.900001525878906
2020/7/23,41.06999969482422
2020/7/24,41.290000915527344
2020/7/27,41.599998474121094
2020/7/28,41.040000915527344
2020/7/29,41.27000045776367
2020/7/30,39.91999816894531
2020/7/31,40.27000045776367
2020/8/3,41.0099983215332
2020/8/4,41.70000076293945
2020/8/5,42.189998626708984
2020/8/6,41.95000076293945
2020/8/7,41.220001220703125
2020/8/10,41.939998626708984
2020/8/11,41.61000061035156
2020/8/12,42.66999816894531
2020/8/13,42.2400016784668
2020/8/14,42.0099983215332
2020/8/17,42.88999938964844
2020/8/18,42.88999938964844
2020/8/19,42.93000030517578
2020/8/20,42.58000183105469
2020/8/21,42.34000015258789
2020/8/24,42.619998931884766
2020/8/25,43.349998474121094
2020/8/26,43.38999938964844
2020/8/27,43.040000915527344
2020/8/28,42.970001220703125
2020/8/31,42.61000061035156
2020/9/1,42.7599983215332
2020/9/2,41.5099983215332
2020/9/3,41.369998931884766
2020/9/4,39.77000045776367
2020/9/8,36.7599983215332
2020/9/9,38.04999923706055
2020/9/10,37.29999923706055
2020/9/11,37.33000183105469
2020/9/14,37.2599983215332
2020/9/15,38.279998779296875
2020/9/16,40.15999984741211
2020/9/17,40.970001220703125
2020/9/18,41.11000061035156
2020/9/21,39.310001373291016
2020/9/22,39.599998474121094
2020/9/23,39.93000030517578
2020/9/24,40.310001373291016
2020/9/25,40.25
2020/9/28,40.599998474121094
2020/9/29,39.290000915527344
2020/9/30,40.220001220703125
2020/10/1,38.720001220703125
2020/10/2,37.04999923706055
2020/10/5,39.220001220703125
2020/10/6,40.66999816894531
2020/10/7,39.95000076293945
2020/10/8,41.189998626708984
2020/10/9,40.599998474121094
2020/10/12,39.43000030517578
2020/10/13,40.20000076293945
2020/10/14,41.040000915527344
2020/10/15,40.959999084472656
2020/10/16,40.880001068115234
2020/10/19,40.83000183105469
2020/10/20,41.459999084472656
2020/10/21,40.029998779296875
2020/10/22,40.63999938964844
2020/10/23,39.849998474121094
2020/10/26,38.560001373291016
2020/10/27,39.56999969482422
2020/10/28,37.38999938964844
2020/10/29,36.16999816894531
2020/10/30,35.790000915527344
2020/11/2,36.810001373291016
2020/11/3,37.65999984741211
2020/11/4,39.150001525878906
2020/11/5,38.790000915527344
2020/11/6,37.13999938964844
2020/11/9,40.290000915527344
2020/11/10,41.36000061035156
2020/11/11,41.45000076293945
2020/11/12,41.119998931884766
2020/11/13,40.130001068115234
2020/11/16,41.34000015258789
2020/11/17,41.43000030517578
2020/11/18,41.81999969482422
2020/11/19,41.7400016784668
2020/11/20,42.150001525878906
2020/11/23,43.060001373291016
2020/11/24,44.90999984741211
2020/11/25,45.709999084472656
2020/11/27,45.529998779296875
2020/11/30,45.34000015258789
2020/12/1,44.54999923706055
2020/12/2,45.279998779296875
2020/12/3,45.63999938964844
2020/12/4,46.2599983215332
2020/12/7,45.7599983215332
2020/12/8,45.599998474121094
2020/12/9,45.52000045776367
2020/12/10,46.779998779296875
2020/12/11,46.56999969482422
2020/12/14,46.9900016784668
2020/12/15,47.619998931884766
2020/12/16,47.81999969482422
2020/12/17,48.36000061035156
2020/12/18,49.099998474121094
2020/12/21,47.7400016784668
2020/12/22,47.02000045776367
2020/12/23,48.119998931884766
2020/12/24,48.22999954223633
2020/12/28,47.619998931884766
2020/12/29,48.0
2020/12/30,48.400001525878906
2020/12/31,48.52000045776367
2021/1/4,47.619998931884766
2021/1/5,49.93000030517578
2021/1/6,50.630001068115234
2021/1/7,50.83000183105469
2021/1/8,52.2400016784668
2021/1/11,52.25
2021/1/12,53.209999084472656
2021/1/13,52.90999984741211
2021/1/14,53.56999969482422
2021/1/15,52.36000061035156
2021/1/19,52.97999954223633
2021/1/20,53.2400016784668
2021/1/21,53.130001068115234
2021/1/22,52.27000045776367
2021/1/25,52.77000045776367
2021/1/26,52.61000061035156
2021/1/27,52.849998474121094
2021/1/28,52.34000015258789
2021/1/29,52.20000076293945
2021/2/1,53.54999923706055
2021/2/2,54.7599983215332
2021/2/3,55.689998626708984
2021/2/4,56.22999954223633
2021/2/5,56.849998474121094
2021/2/8,57.970001220703125
2021/2/9,58.36000061035156
2021/2/10,58.68000030517578
2021/2/11,58.2400016784668
2021/2/12,59.470001220703125
2021/2/16,60.04999923706055
2021/2/17,61.13999938964844
2021/2/18,60.52000045776367
2021/2/19,59.2400016784668
2021/2/22,61.4900016784668
2021/2/23,61.66999816894531
2021/2/24,63.220001220703125
2021/2/25,63.529998779296875
2021/2/26,61.5
2021/3/1,60.63999938964844
2021/3/2,59.75
2021/3/3,61.279998779296875
2021/3/4,63.83000183105469
2021/3/5,66.08999633789062
2021/3/8,65.05000305175781
2021/3/9,64.01000213623047
2021/3/10,64.44000244140625
2021/3/11,66.0199966430664
2021/3/12,65.61000061035156
2021/3/15,65.38999938964844
2021/3/16,64.80000305175781
2021/3/17,64.5999984741211
2021/3/18,60.0
2021/3/19,61.41999816894531
2021/3/22,61.54999923706055
2021/3/23,57.7599983215332
2021/3/24,61.18000030517578
2021/3/25,58.560001373291016
2021/3/26,60.970001220703125
2021/3/29,61.560001373291016
2021/3/30,60.54999923706055
2021/3/31,59.15999984741211
2021/4/1,61.45000076293945
2021/4/5,58.650001525878906
2021/4/6,59.33000183105469
2021/4/7,59.77000045776367
2021/4/8,59.599998474121094
2021/4/9,59.31999969482422
2021/4/12,59.70000076293945
2021/4/13,60.18000030517578
2021/4/14,63.150001525878906
2021/4/15,63.459999084472656
2021/4/16,63.130001068115234
2021/4/19,63.380001068115234
2021/4/20,62.439998626708984
2021/4/21,61.349998474121094
2021/4/22,61.43000030517578
2021/4/23,62.13999938964844
2021/4/26,61.90999984741211
2021/4/27,62.939998626708984
2021/4/28,63.86000061035156
2021/4/29,65.01000213623047
2021/4/30,63.58000183105469
2021/5/3,64.48999786376953
2021/5/4,65.69000244140625
2021/5/5,65.62999725341797
2021/5/6,64.70999908447266
2021/5/7,64.9000015258789
2021/5/10,64.91999816894531
2021/5/11,65.27999877929688
2021/5/12,66.08000183105469
2021/5/13,63.81999969482422
2021/5/14,65.37000274658203
2021/5/17,66.2699966430664
2021/5/18,65.48999786376953
2021/5/19,63.36000061035156
2021/5/20,62.04999923706055
2021/5/21,63.58000183105469
2021/5/24,66.05000305175781
2021/5/25,66.06999969482422
2021/5/26,66.20999908447266
2021/5/27,66.8499984741211
2021/5/28,66.31999969482422
2021/6/1,67.72000122070312
2021/6/2,68.83000183105469
2021/6/3,68.80999755859375
2021/6/4,69.62000274658203
2021/6/7,69.2300033569336
2021/6/8,70.05000305175781
2021/6/9,69.95999908447266
2021/6/10,70.29000091552734
2021/6/11,70.91000366210938
2021/6/14,70.87999725341797
2021/6/15,72.12000274658203
2021/6/16,72.1500015258789
2021/6/17,71.04000091552734
2021/6/18,71.63999938964844
2021/6/21,73.66000366210938
2021/6/22,73.05999755859375
2021/6/23,73.08000183105469
2021/6/24,73.30000305175781
2021/6/25,74.05000305175781
2021/6/28,72.91000366210938
2021/6/29,72.9800033569336
2021/6/30,73.47000122070312
2021/7/1,75.2300033569336
2021/7/2,75.16000366210938
2021/7/6,73.37000274658203
2021/7/7,72.19999694824219
2021/7/8,72.94000244140625
2021/7/9,74.55999755859375
2021/7/12,74.0999984741211
2021/7/13,75.25
2021/7/14,73.12999725341797
2021/7/15,71.6500015258789
2021/7/16,71.80999755859375
2021/7/19,66.41999816894531
2021/7/20,67.41999816894531
2021/7/21,70.30000305175781
2021/7/22,71.91000366210938
2021/7/23,72.06999969482422
2021/7/26,71.91000366210938
2021/7/27,71.6500015258789
2021/7/28,72.38999938964844
2021/7/29,73.62000274658203
2021/7/30,73.94999694824219
2021/8/2,71.26000213623047
2021/8/3,70.55999755859375
2021/8/4,68.1500015258789
2021/8/5,69.08999633789062
2021/8/6,68.27999877929688
2021/8/9,66.4800033569336
2021/8/10,68.29000091552734
2021/8/11,69.25
2021/8/12,69.08999633789062
2021/8/13,68.44000244140625
2021/8/16,67.29000091552734
2021/8/17,66.58999633789062
2021/8/18,65.45999908447266
2021/8/19,63.689998626708984
2021/8/20,62.31999969482422
2021/8/23,65.63999938964844
2021/8/24,67.54000091552734
2021/8/25,68.36000061035156
2021/8/26,67.41999816894531
2021/8/27,68.73999786376953
2021/8/30,69.20999908447266
2021/8/31,68.5
2021/9/1,68.58999633789062
2021/9/2,69.98999786376953
2021/9/3,69.29000091552734
2021/9/7,68.3499984741211
2021/9/8,69.30000305175781
2021/9/9,68.13999938964844
2021/9/10,69.72000122070312
2021/9/13,70.44999694824219
2021/9/14,70.45999908447266
2021/9/15,72.61000061035156
2021/9/16,72.61000061035156
2021/9/17,71.97000122070312
2021/9/20,70.29000091552734
2021/9/21,70.55999755859375
2021/9/22,72.2300033569336
2021/9/23,73.30000305175781
2021/9/24,73.9800033569336
2021/9/27,75.44999694824219
2021/9/28,75.29000091552734
2021/9/29,74.83000183105469
2021/9/30,75.02999877929688
2021/10/1,75.87999725341797
2021/10/4,77.62000274658203
2021/10/5,78.93000030517578
2021/10/6,77.43000030517578
2021/10/7,78.30000305175781
2021/10/8,79.3499984741211
2021/10/11,80.5199966430664
2021/10/12,80.63999938964844
2021/10/13,80.44000244140625
2021/10/14,81.30999755859375
2021/10/15,82.27999877929688
2021/10/18,82.44000244140625
2021/10/19,82.95999908447266
2021/10/20,83.87000274658203
2021/10/21,82.5
2021/10/22,83.76000213623047
2021/10/25,83.76000213623047
2021/10/26,84.6500015258789
2021/10/27,82.66000366210938
2021/10/28,82.80999755859375
2021/10/29,83.56999969482422
2021/11/1,84.05000305175781
2021/11/2,83.91000366210938
2021/11/3,80.86000061035156
2021/11/4,78.80999755859375
2021/11/5,81.2699966430664
2021/11/8,81.93000030517578
2021/11/9,84.1500015258789
2021/11/10,81.33999633789062
2021/11/11,81.58999633789062
2021/11/12,80.79000091552734
2021/11/15,80.87999725341797
2021/11/16,80.76000213623047
2021/11/17,78.36000061035156
2021/11/18,79.01000213623047
2021/11/19,76.0999984741211
2021/11/22,76.75
2021/11/23,78.5
2021/11/24,78.38999938964844
2021/11/26,68.1500015258789
2021/11/29,69.94999694824219
2021/11/30,66.18000030517578
2021/12/1,65.56999969482422
2021/12/2,66.5
2021/12/3,66.26000213623047
2021/12/6,69.48999786376953
2021/12/7,72.05000305175781
2021/12/8,72.36000061035156
2021/12/9,70.94000244140625
2021/12/10,71.66999816894531
2021/12/13,71.29000091552734
2021/12/14,70.7300033569336
2021/12/15,70.87000274658203
2021/12/16,72.37999725341797
2021/12/17,70.86000061035156
2021/12/20,68.2300033569336
2021/12/21,71.12000274658203
2021/12/22,72.76000213623047
2021/12/23,73.79000091552734
2021/12/27,75.56999969482422
2021/12/28,75.9800033569336
2021/12/29,76.55999755859375
2021/12/30,76.98999786376953
2021/12/31,75.20999908447266
2022/1/3,76.08000183105469
2022/1/4,76.98999786376953
2022/1/5,77.8499984741211
2022/1/6,79.45999908447266
2022/1/7,78.9000015258789
2022/1/10,78.2300033569336
2022/1/11,81.22000122070312
2022/1/12,82.63999938964844
2022/1/13,82.12000274658203
2022/1/14,83.81999969482422
2022/1/18,85.43000030517578
2022/1/19,86.95999908447266
2022/1/20,86.9000015258789
2022/1/21,85.13999938964844
2022/1/24,83.30999755859375
2022/1/25,85.5999984741211
2022/1/26,87.3499984741211
2022/1/27,86.61000061035156
2022/1/28,86.81999969482422
2022/1/31,88.1500015258789
2022/2/1,88.19999694824219
2022/2/2,88.26000213623047
2022/2/3,90.2699966430664
2022/2/4,92.30999755859375
2022/2/7,91.31999969482422
2022/2/8,89.36000061035156
2022/2/9,89.66000366210938
2022/2/10,89.87999725341797
2022/2/11,93.0999984741211
2022/2/14,95.45999908447266
2022/2/15,92.06999969482422
2022/2/16,93.66000366210938
2022/2/17,91.76000213623047
2022/2/18,91.06999969482422
2022/2/22,92.3499984741211
2022/2/23,92.0999984741211
2022/2/24,92.80999755859375
2022/2/25,91.58999633789062
2022/2/28,95.72000122070312
2022/3/1,103.41000366210938
2022/3/2,110.5999984741211
2022/3/3,107.66999816894531
2022/3/4,115.68000030517578
2022/3/7,119.4000015258789
2022/3/8,123.69999694824219
2022/3/9,108.69999694824219
2022/3/10,106.0199966430664
2022/3/11,109.33000183105469
2022/3/14,103.01000213623047
2022/3/15,96.44000244140625
2022/3/16,95.04000091552734
2022/3/17,102.9800033569336
2022/3/18,104.69999694824219
2022/3/21,112.12000274658203
2022/3/22,111.76000213623047
2022/3/23,114.93000030517578
2022/3/24,112.33999633789062
2022/3/25,113.9000015258789
2022/3/28,105.95999908447266
2022/3/29,104.23999786376953
2022/3/30,107.81999969482422
2022/3/31,100.27999877929688
2022/4/1,99.2699966430664
2022/4/4,103.27999877929688
2022/4/5,101.95999908447266
2022/4/6,96.2300033569336
2022/4/7,96.02999877929688
2022/4/8,98.26000213623047
2022/4/11,94.29000091552734
2022/4/12,100.5999984741211
2022/4/13,104.25
2022/4/14,106.94999694824219
2022/4/18,108.20999908447266
2022/4/19,102.55999755859375
2022/4/20,102.75
2022/4/21,103.79000091552734
2022/4/22,102.06999969482422
2022/4/25,98.54000091552734
2022/4/26,101.69999694824219
2022/4/27,102.0199966430664
2022/4/28,105.36000061035156
2022/4/29,104.69000244140625
2022/5/2,105.16999816894531
2022/5/3,102.41000366210938
2022/5/4,107.80999755859375
2022/5/5,108.26000213623047
2022/5/6,109.7699966430664
2022/5/9,103.08999633789062
2022/5/10,99.76000213623047
2022/5/11,105.70999908447266
2022/5/12,106.12999725341797
2022/5/13,110.48999786376953
2022/5/16,114.19999694824219
2022/5/17,112.4000015258789
2022/5/18,109.58999633789062
2022/5/19,112.20999908447266
2022/5/20,113.2300033569336
2022/5/23,110.29000091552734
2022/5/24,109.7699966430664
2022/5/25,110.33000183105469
2022/5/26,114.08999633789062
2022/5/27,115.06999969482422
2022/5/31,114.66999816894531
2022/6/1,115.26000213623047
2022/6/2,116.87000274658203
2022/6/3,118.87000274658203
2022/6/6,118.5
2022/6/7,119.41000366210938
2022/6/8,122.11000061035156
2022/6/9,121.51000213623047
2022/6/10,120.66999816894531
2022/6/13,120.93000030517578
2022/6/14,118.93000030517578
2022/6/15,115.30999755859375
2022/6/16,117.58999633789062
2022/6/17,109.55999755859375
2022/6/21,110.6500015258789
2022/6/22,106.19000244140625
2022/6/23,104.2699966430664
2022/6/24,107.62000274658203
2022/6/27,109.56999969482422
2022/6/28,111.76000213623047
2022/6/29,109.77999877929688
2022/6/30,105.76000213623047
2022/7/1,108.43000030517578
2022/7/5,99.5
2022/7/6,98.52999877929688
2022/7/7,102.7300033569336
2022/7/8,104.79000091552734
2022/7/11,104.08999633789062
2022/7/12,95.83999633789062
2022/7/13,96.30000305175781
2022/7/14,95.77999877929688
2022/7/15,97.58999633789062
2022/7/18,102.5999984741211
2022/7/19,104.22000122070312
2022/7/20,102.26000213623047
2022/7/21,96.3499984741211
2022/7/22,94.69999694824219
2022/7/25,96.69999694824219
2022/7/26,94.9800033569336
2022/7/27,97.26000213623047
2022/7/28,96.41999816894531
2022/7/29,98.62000274658203
2022/8/1,93.88999938964844
2022/8/2,94.41999816894531
2022/8/3,90.66000366210938
2022/8/4,88.54000091552734
2022/8/5,89.01000213623047
2022/8/8,90.76000213623047
2022/8/9,90.5
2022/8/10,91.93000030517578
2022/8/11,94.33999633789062
2022/8/12,92.08999633789062
2022/8/15,89.41000366210938
2022/8/16,86.52999877929688
2022/8/17,88.11000061035156
2022/8/18,90.5
2022/8/19,90.7699966430664
2022/8/22,90.2300033569336
2022/8/23,93.73999786376953
2022/8/24,94.88999938964844
2022/8/25,92.5199966430664
2022/8/26,93.05999755859375
2022/8/29,97.01000213623047
2022/8/30,91.63999938964844
2022/8/31,89.55000305175781
2022/9/1,86.61000061035156
2022/9/2,86.87000274658203
2022/9/6,86.87999725341797
2022/9/7,81.94000244140625
2022/9/8,83.54000091552734
2022/9/9,86.79000091552734
2022/9/12,87.77999877929688
2022/9/13,87.30999755859375
2022/9/14,88.4800033569336
2022/9/15,85.0999984741211
2022/9/16,85.11000061035156
2022/9/19,85.7300033569336
2022/9/20,84.44999694824219
2022/9/21,82.94000244140625
2022/9/22,83.48999786376953
2022/9/23,78.73999786376953
2022/9/26,76.70999908447266
2022/9/27,78.5
2022/9/28,82.1500015258789
2022/9/29,81.2300033569336
2022/9/30,79.48999786376953
2022/10/3,83.62999725341797
2022/10/4,86.5199966430664
2022/10/5,87.76000213623047
2022/10/6,88.44999694824219
2022/10/7,92.63999938964844
2022/10/10,91.12999725341797
2022/10/11,89.3499984741211
2022/10/12,87.2699966430664
2022/10/13,89.11000061035156
2022/10/14,85.61000061035156
2022/10/17,85.45999908447266
2022/10/18,82.81999969482422
2022/10/19,85.55000305175781
2022/10/20,85.9800033569336
2022/10/21,85.05000305175781
2022/10/24,84.58000183105469
2022/10/25,85.31999969482422
2022/10/26,87.91000366210938
2022/10/27,89.08000183105469
2022/10/28,87.9000015258789
2022/10/31,86.52999877929688
2022/11/1,88.37000274658203
2022/11/2,90.0
2022/11/3,88.16999816894531
2022/11/4,92.61000061035156
2022/11/7,91.79000091552734
2022/11/8,88.91000366210938
2022/11/9,85.83000183105469
2022/11/10,86.47000122070312
2022/11/11,88.95999908447266
2022/11/14,85.87000274658203
2022/11/15,86.91999816894531
2022/11/16,85.58999633789062
2022/11/17,81.63999938964844
2022/11/18,80.08000183105469
2022/11/21,79.7300033569336
2022/11/22,80.94999694824219
2022/11/23,77.94000244140625
2022/11/25,76.27999877929688
2022/11/28,77.23999786376953
2022/11/29,78.19999694824219
2022/11/30,80.55000305175781
2022/12/1,81.22000122070312
2022/12/2,79.9800033569336
2022/12/5,76.93000030517578
2022/12/6,74.25
2022/12/7,72.01000213623047
2022/12/8,71.45999908447266
2022/12/9,71.0199966430664
2022/12/12,73.16999816894531
2022/12/13,75.38999938964844
2022/12/14,77.27999877929688
2022/12/15,76.11000061035156
2022/12/16,74.29000091552734
2022/12/19,75.19000244140625
2022/12/20,76.08999633789062
2022/12/21,78.29000091552734
2022/12/22,77.48999786376953
2022/12/23,79.55999755859375
2022/12/27,79.52999877929688
2022/12/28,78.95999908447266
2022/12/29,78.4000015258789
2022/12/30,80.26000213623047
2023/1/3,76.93000030517578
2023/1/4,72.83999633789062
2023/1/5,73.66999816894531
2023/1/6,73.7699966430664
2023/1/9,74.62999725341797
2023/1/10,75.12000274658203
2023/1/11,77.41000366210938
2023/1/12,78.38999938964844
2023/1/13,79.86000061035156
2023/1/17,80.18000030517578
2023/1/18,79.4800033569336
2023/1/19,80.33000183105469
2023/1/20,81.30999755859375
2023/1/23,81.62000274658203
2023/1/24,80.12999725341797
2023/1/25,80.1500015258789
2023/1/26,81.01000213623047
2023/1/27,79.68000030517578
2023/1/30,77.9000015258789
2023/1/31,78.87000274658203
2023/2/1,76.41000366210938
2023/2/2,75.87999725341797
2023/2/3,73.38999938964844
2023/2/6,74.11000061035156
2023/2/7,77.13999938964844
2023/2/8,78.47000122070312
2023/2/9,78.05999755859375
2023/2/10,79.72000122070312
2023/2/13,80.13999938964844
2023/2/14,79.05999755859375
2023/2/15,78.58999633789062
2023/2/16,78.48999786376953
2023/2/17,76.33999633789062
2023/2/21,76.16000366210938
2023/2/22,73.94999694824219
2023/2/23,75.38999938964844
2023/2/24,76.31999969482422
2023/2/27,75.68000030517578
2023/2/28,77.05000305175781
2023/3/1,77.69000244140625
2023/3/2,78.16000366210938
2023/3/3,79.68000030517578
2023/3/6,80.45999908447266
2023/3/7,77.58000183105469
2023/3/8,76.66000366210938
2023/3/9,75.72000122070312
2023/3/10,76.68000030517578
2023/3/13,74.80000305175781
2023/3/14,71.33000183105469
2023/3/15,67.61000061035156
2023/3/16,68.3499984741211
2023/3/17,66.73999786376953
2023/3/20,67.63999938964844
2023/3/21,69.33000183105469
2023/3/22,70.9000015258789
2023/3/23,69.95999908447266
2023/3/24,69.26000213623047
2023/3/27,72.80999755859375
2023/3/28,73.19999694824219
2023/3/29,72.97000122070312
2023/3/30,74.37000274658203
2023/3/31,75.66999816894531
2023/4/3,80.41999816894531
2023/4/4,80.70999908447266
2023/4/5,80.61000061035156
2023/4/6,80.69999694824219
2023/4/10,79.73999786376953
2023/4/11,81.52999877929688
2023/4/12,83.26000213623047
2023/4/13,82.16000366210938
2023/4/14,82.5199966430664
2023/4/17,80.83000183105469
2023/4/18,80.86000061035156
2023/4/19,79.16000366210938
2023/4/20,77.29000091552734
2023/4/21,77.87000274658203
2023/4/24,78.76000213623047
2023/4/25,77.06999969482422
2023/4/26,74.30000305175781
2023/4/27,74.76000213623047
2023/4/28,76.77999877929688
2023/5/1,75.66000366210938
2023/5/2,71.66000366210938
2023/5/3,68.5999984741211
2023/5/4,68.55999755859375
2023/5/5,71.33999633789062
2023/5/8,73.16000366210938
2023/5/9,73.70999908447266
2023/5/10,72.55999755859375
2023/5/11,70.87000274658203
2023/5/12,70.04000091552734
2023/5/15,71.11000061035156
2023/5/16,70.86000061035156
2023/5/17,72.83000183105469
2023/5/18,71.86000061035156
2023/5/19,71.55000305175781
2023/5/22,71.98999786376953
2023/5/23,72.91000366210938
2023/5/24,74.33999633789062
2023/5/25,71.83000183105469
2023/5/26,72.66999816894531
2023/5/30,69.45999908447266
2023/5/31,68.08999633789062
2023/6/1,70.0999984741211
2023/6/2,71.73999786376953
2023/6/5,72.1500015258789
2023/6/6,71.73999786376953
2023/6/7,72.52999877929688
2023/6/8,71.29000091552734
2023/6/9,70.16999816894531
2023/6/12,67.12000274658203
2023/6/13,69.41999816894531
2023/6/14,68.2699966430664
2023/6/15,70.62000274658203
2023/6/16,71.77999877929688
2023/6/20,70.5
2023/6/21,72.52999877929688
2023/6/22,69.51000213623047
2023/6/23,69.16000366210938
2023/6/26,69.37000274658203
2023/6/27,67.69999694824219
2023/6/28,69.55999755859375
2023/6/29,69.86000061035156
2023/6/30,70.63999938964844
2023/7/3,69.79000091552734
2023/7/5,71.79000091552734
2023/7/6,71.80000305175781
2023/7/7,73.86000061035156
2023/7/10,72.98999786376953
2023/7/11,74.83000183105469
2023/7/12,75.75
2023/7/13,76.88999938964844
2023/7/14,75.41999816894531
2023/7/17,74.1500015258789
2023/7/18,75.75
2023/7/19,75.3499984741211
2023/7/20,75.62999725341797
2023/7/21,77.06999969482422
2023/7/24,78.73999786376953
2023/7/25,79.62999725341797
2023/7/26,78.77999877929688
2023/7/27,80.08999633789062
2023/7/28,80.58000183105469
2023/7/31,81.80000305175781
2023/8/1,81.37000274658203
2023/8/2,79.48999786376953
2023/8/3,81.55000305175781
2023/8/4,82.81999969482422
2023/8/7,81.94000244140625
2023/8/8,82.91999816894531
2023/8/9,84.4000015258789
2023/8/10,82.81999969482422
2023/8/11,83.19000244140625
2023/8/14,82.51000213623047
2023/8/15,80.98999786376953
2023/8/16,79.37999725341797
2023/8/17,80.38999938964844
2023/8/18,81.25
2023/8/21,80.72000122070312
2023/8/22,80.3499984741211
2023/8/23,78.88999938964844
2023/8/24,79.05000305175781
2023/8/25,79.83000183105469
2023/8/28,80.0999984741211
2023/8/29,81.16000366210938
2023/8/30,81.62999725341797
2023/8/31,83.62999725341797
2023/9/1,85.55000305175781
2023/9/5,86.69000244140625
2023/9/6,87.54000091552734
2023/9/7,86.87000274658203
2023/9/8,87.51000213623047
2023/9/11,87.29000091552734
2023/9/12,88.83999633789062
2023/9/13,88.5199966430664
2023/9/14,90.16000366210938
2023/9/15,90.7699966430664
2023/9/18,91.4800033569336
2023/9/19,91.19999694824219
2023/9/20,90.27999877929688
2023/9/21,89.62999725341797
2023/9/22,90.02999877929688
2023/9/25,89.68000030517578
2023/9/26,90.38999938964844
2023/9/27,93.68000030517578
2023/9/28,91.70999908447266
2023/9/29,90.79000091552734
2023/10/2,88.81999969482422
2023/10/3,89.2300033569336
2023/10/4,84.22000122070312
2023/10/5,82.30999755859375
2023/10/6,82.79000091552734
2023/10/9,86.37999725341797
2023/10/10,85.97000122070312
2023/10/11,83.48999786376953
2023/10/12,82.91000366210938
2023/10/13,87.69000244140625
2023/10/16,86.66000366210938
2023/10/17,86.66000366210938
2023/10/18,88.31999969482422
2023/10/19,89.37000274658203
2023/10/20,88.75
2023/10/23,85.48999786376953
2023/10/24,83.73999786376953
2023/10/25,85.38999938964844
2023/10/26,83.20999908447266
2023/10/27,85.54000091552734
2023/10/30,82.30999755859375
2023/10/31,81.0199966430664
2023/11/1,80.44000244140625
2023/11/2,82.45999908447266
2023/11/3,80.51000213623047
2023/11/6,80.81999969482422
2023/11/7,77.37000274658203
2023/11/8,75.33000183105469
2023/11/9,75.73999786376953
2023/11/10,77.16999816894531
2023/11/13,78.26000213623047
2023/11/14,78.26000213623047
2023/11/15,76.66000366210938
2023/11/16,72.9000015258789
2023/11/17,75.88999938964844
2023/11/20,77.5999984741211
2023/11/21,77.7699966430664
2023/11/22,77.0999984741211
2023/11/24,75.54000091552734
2023/11/27,74.86000061035156
2023/11/28,76.41000366210938
2023/11/29,77.86000061035156
2023/11/30,75.95999908447266
2023/12/1,74.06999969482422
2023/12/4,73.04000091552734
2023/12/5,72.31999969482422
2023/12/6,69.37999725341797
2023/12/7,69.33999633789062
2023/12/8,71.2300033569336
2023/12/11,71.31999969482422
2023/12/12,68.61000061035156
2023/12/13,69.47000122070312
2023/12/14,71.58000183105469
2023/12/15,71.43000030517578
2023/12/18,72.47000122070312
2023/12/19,73.44000244140625
2023/12/20,74.22000122070312
2023/12/21,73.88999938964844
2023/12/22,73.55999755859375
2023/12/26,75.56999969482422
2023/12/27,74.11000061035156
2023/12/28,71.7699966430664
2023/12/29,71.6500015258789
2024/1/2,70.37999725341797
2024/1/3,72.69999694824219
2024/1/4,72.19000244140625
2024/1/5,73.80999755859375
2024/1/8,70.7699966430664
2024/1/9,72.23999786376953
2024/1/10,71.37000274658203
2024/1/11,72.0199966430664
2024/1/12,72.68000030517578
2024/1/16,72.4000015258789
2024/1/17,72.55999755859375
2024/1/18,74.08000183105469
2024/1/19,73.41000366210938
2024/1/22,75.19000244140625
2024/1/23,74.37000274658203
2024/1/24,75.08999633789062
2024/1/25,77.36000061035156
2024/1/26,78.01000213623047
2024/1/29,76.77999877929688
2024/1/30,77.81999969482422
2024/1/31,75.8499984741211
2024/2/1,73.81999969482422
2024/2/2,72.27999877929688
2024/2/5,72.77999877929688
2024/2/6,73.30999755859375
2024/2/7,73.86000061035156
2024/2/8,76.22000122070312
2024/2/9,76.83999633789062
2024/2/12,76.91999816894531
2024/2/13,77.87000274658203
2024/2/14,76.63999938964844
2024/2/15,78.02999877929688
2024/2/16,79.19000244140625
2024/2/20,78.18000030517578
2024/2/21,77.91000366210938
2024/2/22,78.61000061035156
2024/2/23,76.48999786376953
2024/2/26,77.58000183105469
2024/2/27,78.87000274658203
2024/2/28,78.54000091552734
2024/2/29,78.26000213623047
2024/3/1,79.97000122070312
2024/3/4,78.73999786376953
2024/3/5,78.1500015258789
2024/3/6,79.12999725341797
2024/3/7,78.93000030517578
2024/3/8,78.01000213623047
2024/3/11,77.93000030517578
2024/3/12,77.55999755859375
2024/3/13,79.72000122070312
2024/3/14,81.26000213623047
2024/3/15,81.04000091552734
2024/3/18,82.72000122070312
2024/3/19,83.47000122070312
2024/3/20,81.68000030517578
2024/3/21,81.06999969482422
2024/3/22,80.62999725341797
2024/3/25,81.94999694824219
2024/3/26,81.62000274658203
2024/3/27,81.3499984741211
2024/3/28,83.16999816894531
2024/4/1,83.70999908447266
2024/4/2,85.1500015258789
2024/4/3,85.43000030517578
2024/4/4,86.58999633789062
2024/4/5,86.91000366210938
2024/4/8,86.43000030517578
2024/4/9,85.2300033569336
2024/4/10,86.20999908447266
2024/4/11,85.0199966430664
2024/4/12,85.66000366210938
2024/4/15,85.41000366210938
2024/4/16,85.36000061035156
2024/4/17,82.69000244140625
2024/4/18,82.7300033569336
2024/4/19,83.13999938964844
2024/4/22,82.8499984741211
2024/4/23,83.36000061035156
2024/4/24,82.80999755859375
2024/4/25,83.56999969482422
2024/4/26,83.8499984741211
2024/4/29,82.62999725341797
2024/4/30,81.93000030517578
2024/5/1,79.0
2024/5/2,78.94999694824219
2024/5/3,78.11000061035156
2024/5/6,78.4800033569336
2024/5/7,78.37999725341797
2024/5/8,78.98999786376953
2024/5/9,79.26000213623047
2024/5/10,78.26000213623047
2024/5/13,79.12000274658203
2024/5/14,78.0199966430664
2024/5/15,78.62999725341797
2024/5/16,79.2300033569336
2024/5/17,80.05999755859375
2024/5/20,79.80000305175781
2024/5/21,79.26000213623047
2024/5/22,77.56999969482422
2024/5/23,76.87000274658203
2024/5/24,77.72000122070312
2024/5/28,79.83000183105469
2024/5/29,79.2300033569336
2024/5/30,77.91000366210938
2024/5/31,76.98999786376953
2024/6/3,74.22000122070312
2024/6/4,73.25
2024/6/5,74.06999969482422
2024/6/6,75.55000305175781
2024/6/7,75.52999877929688
2024/6/10,77.73999786376953
2024/6/11,77.9000015258789
2024/6/12,78.5
2024/6/13,78.62000274658203
2024/6/14,78.44999694824219
2024/6/17,80.33000183105469
2024/6/18,81.56999969482422
2024/6/20,82.16999816894531
2024/6/21,80.7300033569336
2024/6/24,81.62999725341797
2024/6/25,80.83000183105469
2024/6/26,80.9000015258789
2024/6/27,81.73999786376953
2024/6/28,81.54000091552734
2024/7/1,83.37999725341797
2024/7/2,82.80999755859375
2024/7/3,83.87999725341797
2024/7/5,83.16000366210938
2024/7/8,82.33000183105469
2024/7/9,81.41000366210938
2024/7/10,82.0999984741211
2024/7/11,82.62000274658203
2024/7/12,82.20999908447266
2024/7/15,81.91000366210938
2024/7/16,80.76000213623047
2024/7/17,82.8499984741211
2024/7/18,82.81999969482422
2024/7/19,80.12999725341797
2024/7/22,79.77999877929688
2024/7/23,76.95999908447266
2024/7/24,77.58999633789062
2024/7/25,78.27999877929688
2024/7/26,77.16000366210938
2024/7/29,75.80999755859375
2024/7/30,74.7300033569336
2024/7/31,77.91000366210938
2024/8/1,76.30999755859375
2024/8/2,73.5199966430664
2024/8/5,72.94000244140625
2024/8/6,73.19999694824219
2024/8/7,75.2300033569336
2024/8/8,76.19000244140625
2024/8/9,76.83999633789062
2024/8/12,80.05999755859375
2024/8/13,78.3499984741211
2024/8/14,76.9800033569336
2024/8/15,78.16000366210938
2024/8/16,76.6500015258789
2024/8/19,74.37000274658203
2024/8/20,74.04000091552734
2024/8/21,71.93000030517578
2024/8/22,73.01000213623047
2024/8/23,74.83000183105469
2024/8/26,77.41999816894531
2024/8/27,75.52999877929688
2024/8/28,74.5199966430664
2024/8/29,75.91000366210938
2024/8/30,73.55000305175781
2024/9/3,70.33999633789062
2024/9/4,69.19999694824219
2024/9/5,69.1500015258789
2024/9/6,67.66999816894531
2024/9/9,68.70999908447266
2024/9/10,65.75
2024/9/11,67.30999755859375
2024/9/12,68.97000122070312
2024/9/13,68.6500015258789
2024/9/16,70.08999633789062
2024/9/17,71.19000244140625
2024/9/18,70.91000366210938
2024/9/19,71.94999694824219
2024/9/20,71.91999816894531
2024/9/23,70.37000274658203
2024/9/24,71.55999755859375
2024/9/25,69.69000244140625
2024/9/26,67.66999816894531
2024/9/27,68.18000030517578
2024/9/30,68.16999816894531
2024/10/1,69.83000183105469
2024/10/2,70.0999984741211
2024/10/3,73.70999908447266
2024/10/4,74.37999725341797
2024/10/7,77.13999938964844
2024/10/8,73.56999969482422
2024/10/9,73.23999786376953
2024/10/10,75.8499984741211
2024/10/11,75.55999755859375
2024/10/14,73.83000183105469
2024/10/15,70.58000183105469
2024/10/16,70.38999938964844
2024/10/17,70.66999816894531
2024/10/18,69.22000122070312
2024/10/21,70.55999755859375
2024/10/22,72.08999633789062
2024/10/23,70.7699966430664
2024/10/24,70.19000244140625
2024/10/25,71.77999877929688
2024/10/28,67.37999725341797
2024/10/29,67.20999908447266
2024/10/30,68.61000061035156
2024/10/31,69.26000213623047
2024/11/1,69.48999786376953
2024/11/4,71.47000122070312
2024/11/5,71.98999786376953
2024/11/6,71.69000244140625
2024/11/7,72.36000061035156
2024/11/8,70.37999725341797
2024/11/11,68.04000091552734
2024/11/12,68.12000274658203
2024/11/13,68.43000030517578
2024/11/14,68.69999694824219
2024/11/15,67.0199966430664
2024/11/18,69.16000366210938
2024/11/19,69.38999938964844
2024/11/20,68.87000274658203
2024/11/21,70.0999984741211
2024/11/22,71.23999786376953
2024/11/25,68.94000244140625
2024/11/26,68.7699966430664
2024/11/27,68.72000122070312
2024/11/29,68.0
2024/12/2,68.0999984741211
2024/12/3,69.94000244140625
2024/12/4,68.54000091552734
2024/12/5,68.30000305175781
2024/12/6,67.19999694824219
2024/12/9,68.37000274658203
2024/12/10,68.58999633789062
2024/12/11,70.29000091552734
2024/12/12,70.0199966430664
2024/12/13,71.29000091552734
2024/12/16,70.70999908447266
2024/12/17,70.08000183105469
2024/12/18,70.58000183105469
2024/12/19,69.91000366210938
2024/12/20,69.45999908447266
2024/12/23,69.23999786376953
2024/12/24,70.0999984741211
2024/12/26,69.62000274658203
2024/12/27,70.5999984741211
2024/12/30,70.98999786376953
2024/12/31,71.72000122070312
2025/1/2,73.12999725341797
2025/1/3,73.95999908447266
2025/1/6,73.55999755859375
2025/1/7,74.25
2025/1/8,73.31999969482422
2025/1/9,73.91999816894531
2025/1/10,76.56999969482422
2025/1/13,78.81999969482422
2025/1/14,77.5
2025/1/15,80.04000091552734
2025/1/16,78.68000030517578
2025/1/17,77.87999725341797
2025/1/21,75.88999938964844
2025/1/22,75.44000244140625
2025/1/23,74.62000274658203
2025/1/24,74.66000366210938
2025/1/27,73.16999816894531
2025/1/28,73.7699966430664
2025/1/29,72.62000274658203
2025/1/30,72.7300033569336
2025/1/31,72.52999877929688
2025/2/3,73.16000366210938
2025/2/4,72.69999694824219
2025/2/5,71.02999877929688
2025/2/6,70.61000061035156
2025/2/7,71.0
2025/2/10,72.31999969482422
2025/2/11,73.31999969482422
2025/2/12,71.37000274658203
2025/2/13,71.29000091552734
2025/2/14,70.73999786376953
2025/2/18,71.8499984741211
2025/2/19,72.25
2025/2/20,72.56999969482422
2025/2/21,70.4000015258789
2025/2/24,70.69999694824219
2025/2/25,68.93000030517578
2025/2/26,68.62000274658203
2025/2/27,70.3499984741211
2025/2/28,69.76000213623047
2025/3/3,68.37000274658203
2025/3/4,68.26000213623047
2025/3/5,66.30999755859375
2025/3/6,66.36000061035156
2025/3/7,67.04000091552734
2025/3/10,66.02999877929688
2025/3/11,66.25
2025/3/12,67.68000030517578
2025/3/13,66.55000305175781
2025/3/14,67.19000244140625
